category,im_url_display,subcategory,description,gender,price,im_url_small,brand_name,im_url_md,product_url,currency,im_url,im_name,product_name,store,product_id
Women's Apparel,//neimanmarcus.scene7.com/is/image/NeimanMarcus/NMTC8LD_10_m?&wid=1200&height=1500,All Apparel,"Johnny Was Collection ""Britta"" embroidered georgette tunic. Available in your choice of color. Jewel neckline; button placket. Short sleeves. Empire waist. A-line silhouette. Arched, scalloped hem; side vents. Pullover style. Rayon. Machine wash. Imported.",Women,,http://images.neimanmarcus.com/ca/2/product_assets/T/C/8/L/D/NMTC8LD_an.jpg,Johnny Was Collection,http://images.neimanmarcus.com/ca/2/product_assets/T/C/8/L/D/NMTC8LD_ak.jpg,http://www.neimanmarcus.com/Johnny-Was-Collection-Britta-Button-Front-Embroidered-Tunic-All-Apparel/prod188870402_cat58290731__/p.prod?icid=&searchType=EndecaDrivenCat&rte=%252Fcategory.jsp%253FitemId%253Dcat58290731%2526pageSize%253D29%2526Nao%253D0%2526refinements%253D&eItemId=prod188870402&cmCat=product,,http://images.neimanmarcus.com/ca/2/product_assets/T/C/8/L/D/NMTC8LD_az.jpg,NMTC8LD_az,Britta Button-Front Embroidered Tunic,Neiman Marcus,ec2026d4
Women's Apparel,http://images.neimanmarcus.com/ca/2/product_assets/T/C/X/E/5/NMTCXE5_bn.jpg,All Apparel,"Caroline Constas ""Gabriella"" poplin bustier-style top in vertical stripes.  17.5""L from shoulder to hem; 16.5""L down center back. Off-the-shoulder sweetheart neckline. Three-quarter sleeves with self-tie at cuffs. Relaxed, ruffled silhouette. Asymmetric hem dips at back. Pullover style. Cotton. Dry clean. Made in USA of Italian material.",Women,,http://images.neimanmarcus.com/ca/2/product_assets/T/C/X/E/5/NMTCXE5_bn.jpg,Caroline Constas,http://images.neimanmarcus.com/ca/2/product_assets/T/C/X/E/5/NMTCXE5_bk.jpg,http://www.neimanmarcus.com/Caroline-Constas-Gabriella-Off-The-Shoulder-Striped-Bustier-Top-All-Apparel/prod191850442_cat58290731__/p.prod?icid=&searchType=EndecaDrivenCat&rte=%252Fcategory.jsp%253FitemId%253Dcat58290731%2526pageSize%253D29%2526Nao%253D0%2526refinements%253D&eItemId=prod191850442&cmCat=product,,http://images.neimanmarcus.com/ca/2/product_assets/T/C/X/E/5/NMTCXE5_bz.jpg,NMTCXE5_bz," Gabriella Off-The-Shoulder Striped Bustier Top
					",Neiman Marcus,ec589ba4
Women's Apparel,http://images.neimanmarcus.com/ca/2/product_assets/T/C/X/E/5/NMTCXE5_bn.jpg,All Apparel,"Caroline Constas ""Gabriella"" poplin bustier-style top in vertical stripes.  17.5""L from shoulder to hem; 16.5""L down center back. Off-the-shoulder sweetheart neckline. Three-quarter sleeves with self-tie at cuffs. Relaxed, ruffled silhouette. Asymmetric hem dips at back. Pullover style. Cotton. Dry clean. Made in USA of Italian material.",Women,,http://images.neimanmarcus.com/ca/2/product_assets/T/C/X/E/5/NMTCXE5_mn.jpg,Caroline Constas,http://images.neimanmarcus.com/ca/2/product_assets/T/C/X/E/5/NMTCXE5_mk.jpg,http://www.neimanmarcus.com/Caroline-Constas-Gabriella-Off-The-Shoulder-Striped-Bustier-Top-All-Apparel/prod191850442_cat58290731__/p.prod?icid=&searchType=EndecaDrivenCat&rte=%252Fcategory.jsp%253FitemId%253Dcat58290731%2526pageSize%253D29%2526Nao%253D0%2526refinements%253D&eItemId=prod191850442&cmCat=product,,http://images.neimanmarcus.com/ca/2/product_assets/T/C/X/E/5/NMTCXE5_mz.jpg,NMTCXE5_mz," Gabriella Off-The-Shoulder Striped Bustier Top
					",Neiman Marcus,ec589ba4
Handbags,http://images.neimanmarcus.com/ca/1/product_assets/V/2/R/G/S/NMV2RGS_an.jpg,Exotics,"Fendi beak mohawk monster charm. Composed of dyed mink (Finland) fur and dyed goat (China) fur. Strass crystal eyes. Lamb leather strap. Lobster clasp with logo charm. Approx. 6""H x 5""W. Handbag, shown, is sold separately. Made in Italy.",,,http://images.neimanmarcus.com/ca/1/product_assets/V/2/R/G/S/NMV2RGS_an.jpg,Fendi,http://images.neimanmarcus.com/ca/1/product_assets/V/2/R/G/S/NMV2RGS_ak.jpg,http://www.neimanmarcus.com/Fendi-Beak-Mohawk-Fur-Monster-Charm-for-Handbag-Pink-Blue-Yellow-Exotics/prod183650018_cat52300735__/p.prod?icid=&searchType=EndecaDrivenCat&rte=%252Fcategory.jsp%253FitemId%253Dcat52300735%2526pageSize%253D30%2526No%253D0%2526refinements%253D&eItemId=prod183650018&cmCat=product,,http://images.neimanmarcus.com/ca/1/product_assets/V/2/R/G/S/NMV2RGS_az.jpg,NMV2RGS_az,"Beak Mohawk Fur Monster Charm for Handbag, Pink/Blue/Yellow",Neiman Marcus,ed08e874
Handbags,http://images.neimanmarcus.com/ca/1/product_assets/V/2/R/G/S/NMV2RGS_an.jpg,Exotics,"Fendi beak mohawk monster charm. Composed of dyed mink (Finland) fur and dyed goat (China) fur. Strass crystal eyes. Lamb leather strap. Lobster clasp with logo charm. Approx. 6""H x 5""W. Handbag, shown, is sold separately. Made in Italy.",,,http://images.neimanmarcus.com/ca/1/product_assets/V/2/R/G/S/NMV2RGS_mn.jpg,Fendi,http://images.neimanmarcus.com/ca/1/product_assets/V/2/R/G/S/NMV2RGS_mk.jpg,http://www.neimanmarcus.com/Fendi-Beak-Mohawk-Fur-Monster-Charm-for-Handbag-Pink-Blue-Yellow-Exotics/prod183650018_cat52300735__/p.prod?icid=&searchType=EndecaDrivenCat&rte=%252Fcategory.jsp%253FitemId%253Dcat52300735%2526pageSize%253D30%2526No%253D0%2526refinements%253D&eItemId=prod183650018&cmCat=product,,http://images.neimanmarcus.com/ca/1/product_assets/V/2/R/G/S/NMV2RGS_mz.jpg,NMV2RGS_mz,"Beak Mohawk Fur Monster Charm for Handbag, Pink/Blue/Yellow",Neiman Marcus,ed08e874
Handbags,http://images.neimanmarcus.com/ca/3/product_assets/V/3/4/R/Y/NMV34RY_mn.jpg,Evening,"Alexander McQueen embroidered satin box clutch bag, encrusted with crystal ""Obsession"" brooch design. Signature hinged knuckle-duster clasp with skull and crystal ring embellishment. Slim east-west silhouette. Oval hard-shell body. 4""H x 9.8""W x 1.5""D; weighs 1 lb. 1.8 oz. Made in Italy.",,,http://images.neimanmarcus.com/ca/3/product_assets/V/3/4/R/Y/NMV34RY_mn.jpg,Alexander McQueen,http://images.neimanmarcus.com/ca/3/product_assets/V/3/4/R/Y/NMV34RY_mk.jpg,http://www.neimanmarcus.com/Alexander-McQueen-Obsession-Knuckle-Box-Clutch-Bag-Black-Multi-Evening/prod191940085_cat35400731__/p.prod?icid=&searchType=EndecaDrivenCat&rte=%252Fcategory.jsp%253FitemId%253Dcat35400731%2526pageSize%253D30%2526No%253D0%2526refinements%253D&eItemId=prod191940085&cmCat=product,,http://images.neimanmarcus.com/ca/3/product_assets/V/3/4/R/Y/NMV34RY_mz.jpg,NMV34RY_mz,"Obsession Knuckle Box Clutch Bag, Black/Multi",Neiman Marcus,edb07bc0
Handbags,http://images.neimanmarcus.com/ca/3/product_assets/V/3/4/R/Y/NMV34RY_mn.jpg,Evening,"Alexander McQueen embroidered satin box clutch bag, encrusted with crystal ""Obsession"" brooch design. Signature hinged knuckle-duster clasp with skull and crystal ring embellishment. Slim east-west silhouette. Oval hard-shell body. 4""H x 9.8""W x 1.5""D; weighs 1 lb. 1.8 oz. Made in Italy.",,,http://images.neimanmarcus.com/ca/2/product_assets/V/3/4/R/Y/NMV34RY_an.jpg,Alexander McQueen,http://images.neimanmarcus.com/ca/2/product_assets/V/3/4/R/Y/NMV34RY_ak.jpg,http://www.neimanmarcus.com/Alexander-McQueen-Obsession-Knuckle-Box-Clutch-Bag-Black-Multi-Evening/prod191940085_cat35400731__/p.prod?icid=&searchType=EndecaDrivenCat&rte=%252Fcategory.jsp%253FitemId%253Dcat35400731%2526pageSize%253D30%2526No%253D0%2526refinements%253D&eItemId=prod191940085&cmCat=product,,http://images.neimanmarcus.com/ca/2/product_assets/V/3/4/R/Y/NMV34RY_az.jpg,NMV34RY_az,"Obsession Knuckle Box Clutch Bag, Black/Multi",Neiman Marcus,edb07bc0
Handbags,http://images.neimanmarcus.com/ca/4/product_assets/V/2/Q/R/9/NMV2QR9_mn.jpg,Hobos,"Burberry ""Asby"" bucket bag in signature mega check canvas. Leather trim; golden hardware. Flat top handle; removable shoulder strap. Clip gathers open top of bag. Center zip compartment divides interior. Inside, cotton lining; two slip pockets. 13.4""H x 9.8""W x 7.5""D. Imported of Italian material.",,,http://images.neimanmarcus.com/ca/4/product_assets/V/2/Q/R/9/NMV2QR9_mn.jpg,Burberry,http://images.neimanmarcus.com/ca/4/product_assets/V/2/Q/R/9/NMV2QR9_mk.jpg,http://www.neimanmarcus.com/Burberry-Asby-Medium-Mega-Check-Bucket-Bag-Black-Hobos/prod183230155_cat40860748__/p.prod?icid=&searchType=EndecaDrivenCat&rte=%252Fcategory.jsp%253FitemId%253Dcat40860748%2526pageSize%253D30%2526No%253D0%2526refinements%253D&eItemId=prod183230155&cmCat=product,,http://images.neimanmarcus.com/ca/4/product_assets/V/2/Q/R/9/NMV2QR9_mz.jpg,NMV2QR9_mz,"Asby Medium Mega-Check Bucket Bag, Black",Neiman Marcus,ee8c04ba
Handbags,http://images.neimanmarcus.com/ca/4/product_assets/V/2/Q/R/9/NMV2QR9_mn.jpg,Hobos,"Burberry ""Asby"" bucket bag in signature mega check canvas. Leather trim; golden hardware. Flat top handle; removable shoulder strap. Clip gathers open top of bag. Center zip compartment divides interior. Inside, cotton lining; two slip pockets. 13.4""H x 9.8""W x 7.5""D. Imported of Italian material.",,,http://images.neimanmarcus.com/ca/1/product_assets/V/2/Q/R/9/NMV2QR9_cn.jpg,Burberry,http://images.neimanmarcus.com/ca/1/product_assets/V/2/Q/R/9/NMV2QR9_ck.jpg,http://www.neimanmarcus.com/Burberry-Asby-Medium-Mega-Check-Bucket-Bag-Black-Hobos/prod183230155_cat40860748__/p.prod?icid=&searchType=EndecaDrivenCat&rte=%252Fcategory.jsp%253FitemId%253Dcat40860748%2526pageSize%253D30%2526No%253D0%2526refinements%253D&eItemId=prod183230155&cmCat=product,,http://images.neimanmarcus.com/ca/1/product_assets/V/2/Q/R/9/NMV2QR9_cz.jpg,NMV2QR9_cz,"Asby Medium Mega-Check Bucket Bag, Black",Neiman Marcus,ee8c04ba
Handbags,http://images.neimanmarcus.com/ca/4/product_assets/V/2/Q/R/9/NMV2QR9_mn.jpg,Hobos,"Burberry ""Asby"" bucket bag in signature mega check canvas. Leather trim; golden hardware. Flat top handle; removable shoulder strap. Clip gathers open top of bag. Center zip compartment divides interior. Inside, cotton lining; two slip pockets. 13.4""H x 9.8""W x 7.5""D. Imported of Italian material.",,,http://images.neimanmarcus.com/ca/2/product_assets/V/2/Q/R/9/NMV2QR9_an.jpg,Burberry,http://images.neimanmarcus.com/ca/2/product_assets/V/2/Q/R/9/NMV2QR9_ak.jpg,http://www.neimanmarcus.com/Burberry-Asby-Medium-Mega-Check-Bucket-Bag-Black-Hobos/prod183230155_cat40860748__/p.prod?icid=&searchType=EndecaDrivenCat&rte=%252Fcategory.jsp%253FitemId%253Dcat40860748%2526pageSize%253D30%2526No%253D0%2526refinements%253D&eItemId=prod183230155&cmCat=product,,http://images.neimanmarcus.com/ca/2/product_assets/V/2/Q/R/9/NMV2QR9_az.jpg,NMV2QR9_az,"Asby Medium Mega-Check Bucket Bag, Black",Neiman Marcus,ee8c04ba
Handbags,http://images.neimanmarcus.com/ca/3/product_assets/V/2/N/K/U/NMV2NKU_mn.jpg,Bucket Bags,"Loewe calfskin bucket bag. Wide flat shoulder strap with 6.5"" drop. Knotted drawstrings cinch sides. Embossed logo at upper corner. Hidden magnetic closure at top. Inside, herringbone fabric lining; one zip pocket. 11.5""H x 12""W x 6""D; weighs 1 lb. ""Flamenco"" is made in Spain.",,,http://images.neimanmarcus.com/ca/3/product_assets/V/2/N/K/U/NMV2NKU_mn.jpg,Loewe,http://images.neimanmarcus.com/ca/3/product_assets/V/2/N/K/U/NMV2NKU_mk.jpg,http://www.neimanmarcus.com/Loewe-Flamenco-Small-Knot-Bucket-Bag-Tan-Bucket-Bags/prod181260063_cat55000752__/p.prod?icid=&searchType=EndecaDrivenCat&rte=%252Fcategory.jsp%253FitemId%253Dcat55000752%2526pageSize%253D30%2526No%253D0%2526refinements%253D&eItemId=prod181260063&cmCat=product,,http://images.neimanmarcus.com/ca/3/product_assets/V/2/N/K/U/NMV2NKU_mz.jpg,NMV2NKU_mz,"Flamenco Small Knot Bucket Bag, Tan",Neiman Marcus,ef78d16e
Handbags,http://images.neimanmarcus.com/ca/3/product_assets/V/2/N/K/U/NMV2NKU_mn.jpg,Bucket Bags,"Loewe calfskin bucket bag. Wide flat shoulder strap with 6.5"" drop. Knotted drawstrings cinch sides. Embossed logo at upper corner. Hidden magnetic closure at top. Inside, herringbone fabric lining; one zip pocket. 11.5""H x 12""W x 6""D; weighs 1 lb. ""Flamenco"" is made in Spain.",,,http://images.neimanmarcus.com/ca/1/product_assets/V/2/N/K/U/NMV2NKU_cn.jpg,Loewe,http://images.neimanmarcus.com/ca/1/product_assets/V/2/N/K/U/NMV2NKU_ck.jpg,http://www.neimanmarcus.com/Loewe-Flamenco-Small-Knot-Bucket-Bag-Tan-Bucket-Bags/prod181260063_cat55000752__/p.prod?icid=&searchType=EndecaDrivenCat&rte=%252Fcategory.jsp%253FitemId%253Dcat55000752%2526pageSize%253D30%2526No%253D0%2526refinements%253D&eItemId=prod181260063&cmCat=product,,http://images.neimanmarcus.com/ca/1/product_assets/V/2/N/K/U/NMV2NKU_cz.jpg,NMV2NKU_cz,"Flamenco Small Knot Bucket Bag, Tan",Neiman Marcus,ef78d16e
Handbags,http://images.neimanmarcus.com/ca/3/product_assets/V/2/N/K/U/NMV2NKU_mn.jpg,Bucket Bags,"Loewe calfskin bucket bag. Wide flat shoulder strap with 6.5"" drop. Knotted drawstrings cinch sides. Embossed logo at upper corner. Hidden magnetic closure at top. Inside, herringbone fabric lining; one zip pocket. 11.5""H x 12""W x 6""D; weighs 1 lb. ""Flamenco"" is made in Spain.",,,http://images.neimanmarcus.com/ca/3/product_assets/V/2/N/K/U/NMV2NKU_an.jpg,Loewe,http://images.neimanmarcus.com/ca/3/product_assets/V/2/N/K/U/NMV2NKU_ak.jpg,http://www.neimanmarcus.com/Loewe-Flamenco-Small-Knot-Bucket-Bag-Tan-Bucket-Bags/prod181260063_cat55000752__/p.prod?icid=&searchType=EndecaDrivenCat&rte=%252Fcategory.jsp%253FitemId%253Dcat55000752%2526pageSize%253D30%2526No%253D0%2526refinements%253D&eItemId=prod181260063&cmCat=product,,http://images.neimanmarcus.com/ca/3/product_assets/V/2/N/K/U/NMV2NKU_az.jpg,NMV2NKU_az,"Flamenco Small Knot Bucket Bag, Tan",Neiman Marcus,ef78d16e
Handbags,http://images.neimanmarcus.com/ca/2/product_assets/V/2/Y/A/S/NMV2YAS_mn.jpg,Satchels,"Proenza Schouler medium satchel bag in nubuck leather. Silvertone hardware. Padded top handle with ring anchors. Adjustable, removable shoulder strap. Flap top with turn-lock closure. Softly structured trapezoid shape. Exterior back zip and open pockets. 9.5""H x 12.5""W x 5""D. ""Hava"" is made in Italy.",,,http://images.neimanmarcus.com/ca/2/product_assets/V/2/Y/A/S/NMV2YAS_mn.jpg,Proenza Schouler,http://images.neimanmarcus.com/ca/2/product_assets/V/2/Y/A/S/NMV2YAS_mk.jpg,http://www.neimanmarcus.com/Proenza-Schouler-Hava-Medium-Nubuck-Top-Handle-Satchel-Bag-Gray-Satchels/prod188380156_cat40880736__/p.prod?icid=&searchType=EndecaDrivenCat&rte=%252Fcategory.jsp%253FitemId%253Dcat40880736%2526pageSize%253D30%2526No%253D0%2526refinements%253D&eItemId=prod188380156&cmCat=product,,http://images.neimanmarcus.com/ca/2/product_assets/V/2/Y/A/S/NMV2YAS_mz.jpg,NMV2YAS_mz,"Hava Medium Nubuck Top-Handle Satchel Bag, Gray",Neiman Marcus,f048fccc
Handbags,http://images.neimanmarcus.com/ca/2/product_assets/V/2/Y/A/S/NMV2YAS_mn.jpg,Satchels,"Proenza Schouler medium satchel bag in nubuck leather. Silvertone hardware. Padded top handle with ring anchors. Adjustable, removable shoulder strap. Flap top with turn-lock closure. Softly structured trapezoid shape. Exterior back zip and open pockets. 9.5""H x 12.5""W x 5""D. ""Hava"" is made in Italy.",,,http://images.neimanmarcus.com/ca/1/product_assets/V/2/Y/A/S/NMV2YAS_cn.jpg,Proenza Schouler,http://images.neimanmarcus.com/ca/1/product_assets/V/2/Y/A/S/NMV2YAS_ck.jpg,http://www.neimanmarcus.com/Proenza-Schouler-Hava-Medium-Nubuck-Top-Handle-Satchel-Bag-Gray-Satchels/prod188380156_cat40880736__/p.prod?icid=&searchType=EndecaDrivenCat&rte=%252Fcategory.jsp%253FitemId%253Dcat40880736%2526pageSize%253D30%2526No%253D0%2526refinements%253D&eItemId=prod188380156&cmCat=product,,http://images.neimanmarcus.com/ca/1/product_assets/V/2/Y/A/S/NMV2YAS_cz.jpg,NMV2YAS_cz,"Hava Medium Nubuck Top-Handle Satchel Bag, Gray",Neiman Marcus,f048fccc
Handbags,http://images.neimanmarcus.com/ca/2/product_assets/V/2/Y/A/S/NMV2YAS_mn.jpg,Satchels,"Proenza Schouler medium satchel bag in nubuck leather. Silvertone hardware. Padded top handle with ring anchors. Adjustable, removable shoulder strap. Flap top with turn-lock closure. Softly structured trapezoid shape. Exterior back zip and open pockets. 9.5""H x 12.5""W x 5""D. ""Hava"" is made in Italy.",,,http://images.neimanmarcus.com/ca/1/product_assets/V/2/Y/A/S/NMV2YAS_bn.jpg,Proenza Schouler,http://images.neimanmarcus.com/ca/1/product_assets/V/2/Y/A/S/NMV2YAS_bk.jpg,http://www.neimanmarcus.com/Proenza-Schouler-Hava-Medium-Nubuck-Top-Handle-Satchel-Bag-Gray-Satchels/prod188380156_cat40880736__/p.prod?icid=&searchType=EndecaDrivenCat&rte=%252Fcategory.jsp%253FitemId%253Dcat40880736%2526pageSize%253D30%2526No%253D0%2526refinements%253D&eItemId=prod188380156&cmCat=product,,http://images.neimanmarcus.com/ca/1/product_assets/V/2/Y/A/S/NMV2YAS_bz.jpg,NMV2YAS_bz,"Hava Medium Nubuck Top-Handle Satchel Bag, Gray",Neiman Marcus,f048fccc
Handbags,http://images.neimanmarcus.com/ca/1/product_assets/V/2/V/N/L/NMV2VNL_an.jpg,Backpacks,"Burberry rucksack-style backpack in lightweight nylon with leather trim. Quilted fabric back panel. Shiny golden hardware. Looped top handle. Buckled shoulder straps with chain insets. Three exterior zip pockets. Drawstring gathers body. Buckled flap top. Jacquard lining. Inside zip pocket. 15""H x 12.4""W x 4.4""D. Made in Italy.",,,http://images.neimanmarcus.com/ca/1/product_assets/V/2/V/N/L/NMV2VNL_an.jpg,Burberry,http://images.neimanmarcus.com/ca/1/product_assets/V/2/V/N/L/NMV2VNL_ak.jpg,http://www.neimanmarcus.com/Burberry-Nylon-Backpack-Black-Backpacks/prod185970186_cat48810754__/p.prod?icid=&searchType=EndecaDrivenCat&rte=%252Fcategory.jsp%253FitemId%253Dcat48810754%2526pageSize%253D30%2526No%253D0%2526refinements%253D&eItemId=prod185970186&cmCat=product,,http://images.neimanmarcus.com/ca/1/product_assets/V/2/V/N/L/NMV2VNL_az.jpg,NMV2VNL_az,"Nylon Backpack, Black",Neiman Marcus,f0d873a2
Handbags,http://images.neimanmarcus.com/ca/1/product_assets/V/2/V/N/L/NMV2VNL_an.jpg,Backpacks,"Burberry rucksack-style backpack in lightweight nylon with leather trim. Quilted fabric back panel. Shiny golden hardware. Looped top handle. Buckled shoulder straps with chain insets. Three exterior zip pockets. Drawstring gathers body. Buckled flap top. Jacquard lining. Inside zip pocket. 15""H x 12.4""W x 4.4""D. Made in Italy.",,,http://images.neimanmarcus.com/ca/1/product_assets/V/2/V/N/L/NMV2VNL_bn.jpg,Burberry,http://images.neimanmarcus.com/ca/1/product_assets/V/2/V/N/L/NMV2VNL_bk.jpg,http://www.neimanmarcus.com/Burberry-Nylon-Backpack-Black-Backpacks/prod185970186_cat48810754__/p.prod?icid=&searchType=EndecaDrivenCat&rte=%252Fcategory.jsp%253FitemId%253Dcat48810754%2526pageSize%253D30%2526No%253D0%2526refinements%253D&eItemId=prod185970186&cmCat=product,,http://images.neimanmarcus.com/ca/1/product_assets/V/2/V/N/L/NMV2VNL_bz.jpg,NMV2VNL_bz,"Nylon Backpack, Black",Neiman Marcus,f0d873a2
Handbags,http://images.neimanmarcus.com/ca/1/product_assets/V/2/V/N/L/NMV2VNL_an.jpg,Backpacks,"Burberry rucksack-style backpack in lightweight nylon with leather trim. Quilted fabric back panel. Shiny golden hardware. Looped top handle. Buckled shoulder straps with chain insets. Three exterior zip pockets. Drawstring gathers body. Buckled flap top. Jacquard lining. Inside zip pocket. 15""H x 12.4""W x 4.4""D. Made in Italy.",,,http://images.neimanmarcus.com/ca/2/product_assets/V/2/V/N/L/NMV2VNL_mn.jpg,Burberry,http://images.neimanmarcus.com/ca/2/product_assets/V/2/V/N/L/NMV2VNL_mk.jpg,http://www.neimanmarcus.com/Burberry-Nylon-Backpack-Black-Backpacks/prod185970186_cat48810754__/p.prod?icid=&searchType=EndecaDrivenCat&rte=%252Fcategory.jsp%253FitemId%253Dcat48810754%2526pageSize%253D30%2526No%253D0%2526refinements%253D&eItemId=prod185970186&cmCat=product,,http://images.neimanmarcus.com/ca/2/product_assets/V/2/V/N/L/NMV2VNL_mz.jpg,NMV2VNL_mz,"Nylon Backpack, Black",Neiman Marcus,f0d873a2
Handbags,http://images.neimanmarcus.com/ca/2/product_assets/V/2/Z/W/Z/NMV2ZWZ_an.jpg,Shoulder Bags,"Saint Laurent quilted lambskin shoulder bag with silvertone hardware. Flat top handle, 2.3"" drop. Removable curb-chain/leather shoulder strap, 21.7"" drop. Envelope flap top with YSL logo strap; snap closure. Exterior back slip pocket. Interior, center zip compartment; one slip pocket. 6.8""H x 9.5""W x 2.6""D. ""Monogram College"" is made in Italy.",,,http://images.neimanmarcus.com/ca/2/product_assets/V/2/Z/W/Z/NMV2ZWZ_an.jpg,Saint Laurent,http://images.neimanmarcus.com/ca/2/product_assets/V/2/Z/W/Z/NMV2ZWZ_ak.jpg,http://www.neimanmarcus.com/Saint-Laurent-Monogram-Medium-College-Shoulder-Bag-Blush-Shoulder-Bags/prod189370186_cat40860750__/p.prod?icid=&searchType=EndecaDrivenCat&rte=%252Fcategory.jsp%253FitemId%253Dcat40860750%2526pageSize%253D30%2526No%253D0%2526refinements%253D&eItemId=prod189370186&cmCat=product,,http://images.neimanmarcus.com/ca/2/product_assets/V/2/Z/W/Z/NMV2ZWZ_az.jpg,NMV2ZWZ_az,"Monogram Medium College Shoulder Bag, Blush",Neiman Marcus,f19b7898
Handbags,http://images.neimanmarcus.com/ca/2/product_assets/V/2/Z/W/Z/NMV2ZWZ_an.jpg,Shoulder Bags,"Saint Laurent quilted lambskin shoulder bag with silvertone hardware. Flat top handle, 2.3"" drop. Removable curb-chain/leather shoulder strap, 21.7"" drop. Envelope flap top with YSL logo strap; snap closure. Exterior back slip pocket. Interior, center zip compartment; one slip pocket. 6.8""H x 9.5""W x 2.6""D. ""Monogram College"" is made in Italy.",,,http://images.neimanmarcus.com/ca/1/product_assets/V/2/Z/W/Z/NMV2ZWZ_cn.jpg,Saint Laurent,http://images.neimanmarcus.com/ca/1/product_assets/V/2/Z/W/Z/NMV2ZWZ_ck.jpg,http://www.neimanmarcus.com/Saint-Laurent-Monogram-Medium-College-Shoulder-Bag-Blush-Shoulder-Bags/prod189370186_cat40860750__/p.prod?icid=&searchType=EndecaDrivenCat&rte=%252Fcategory.jsp%253FitemId%253Dcat40860750%2526pageSize%253D30%2526No%253D0%2526refinements%253D&eItemId=prod189370186&cmCat=product,,http://images.neimanmarcus.com/ca/1/product_assets/V/2/Z/W/Z/NMV2ZWZ_cz.jpg,NMV2ZWZ_cz,"Monogram Medium College Shoulder Bag, Blush",Neiman Marcus,f19b7898
Handbags,http://images.neimanmarcus.com/ca/2/product_assets/V/2/Z/W/Z/NMV2ZWZ_an.jpg,Shoulder Bags,"Saint Laurent quilted lambskin shoulder bag with silvertone hardware. Flat top handle, 2.3"" drop. Removable curb-chain/leather shoulder strap, 21.7"" drop. Envelope flap top with YSL logo strap; snap closure. Exterior back slip pocket. Interior, center zip compartment; one slip pocket. 6.8""H x 9.5""W x 2.6""D. ""Monogram College"" is made in Italy.",,,http://images.neimanmarcus.com/ca/2/product_assets/V/2/Z/W/Z/NMV2ZWZ_mn.jpg,Saint Laurent,http://images.neimanmarcus.com/ca/2/product_assets/V/2/Z/W/Z/NMV2ZWZ_mk.jpg,http://www.neimanmarcus.com/Saint-Laurent-Monogram-Medium-College-Shoulder-Bag-Blush-Shoulder-Bags/prod189370186_cat40860750__/p.prod?icid=&searchType=EndecaDrivenCat&rte=%252Fcategory.jsp%253FitemId%253Dcat40860750%2526pageSize%253D30%2526No%253D0%2526refinements%253D&eItemId=prod189370186&cmCat=product,,http://images.neimanmarcus.com/ca/2/product_assets/V/2/Z/W/Z/NMV2ZWZ_mz.jpg,NMV2ZWZ_mz,"Monogram Medium College Shoulder Bag, Blush",Neiman Marcus,f19b7898
Handbags,http://images.neimanmarcus.com/ca/3/product_assets/V/2/U/C/1/NMV2UC1_mn.jpg,Clutches,"Tory Burch saffiano leather clutch bag. Silvertone hardware. Flap front with double-T turn-lock closure. Interior, jacquard logo lining; three card slots, one zip and one slip pocket. 6""H x 11""W; weighs 9.5oz. ""Diana"" is imported.",,,http://images.neimanmarcus.com/ca/3/product_assets/V/2/U/C/1/NMV2UC1_mn.jpg,Tory Burch,http://images.neimanmarcus.com/ca/3/product_assets/V/2/U/C/1/NMV2UC1_mk.jpg,http://www.neimanmarcus.com/Tory-Burch-Diana-Flap-Clutch-Bag-Light-Oak-Clutches/prod185230221_cat13410735__/p.prod?icid=&searchType=EndecaDrivenCat&rte=%252Fcategory.jsp%253FitemId%253Dcat13410735%2526pageSize%253D30%2526No%253D0%2526refinements%253D&eItemId=prod185230221&cmCat=product,,http://images.neimanmarcus.com/ca/3/product_assets/V/2/U/C/1/NMV2UC1_mz.jpg,NMV2UC1_mz,"Diana Flap Clutch Bag, Light Oak",Neiman Marcus,f267d1fe
Handbags,http://images.neimanmarcus.com/ca/3/product_assets/V/2/U/C/1/NMV2UC1_mn.jpg,Clutches,"Tory Burch saffiano leather clutch bag. Silvertone hardware. Flap front with double-T turn-lock closure. Interior, jacquard logo lining; three card slots, one zip and one slip pocket. 6""H x 11""W; weighs 9.5oz. ""Diana"" is imported.",,,http://images.neimanmarcus.com/ca/1/product_assets/V/2/U/C/1/NMV2UC1_cn.jpg,Tory Burch,http://images.neimanmarcus.com/ca/1/product_assets/V/2/U/C/1/NMV2UC1_ck.jpg,http://www.neimanmarcus.com/Tory-Burch-Diana-Flap-Clutch-Bag-Light-Oak-Clutches/prod185230221_cat13410735__/p.prod?icid=&searchType=EndecaDrivenCat&rte=%252Fcategory.jsp%253FitemId%253Dcat13410735%2526pageSize%253D30%2526No%253D0%2526refinements%253D&eItemId=prod185230221&cmCat=product,,http://images.neimanmarcus.com/ca/1/product_assets/V/2/U/C/1/NMV2UC1_cz.jpg,NMV2UC1_cz,"Diana Flap Clutch Bag